subject_id,snapme_study_day,filename,packaged_food,FoodNum1,FoodCode,Food_Description,single_multi,clean_punct,clean_text,title,ingredients,parsed
SNAPME9002,2,500eb007494c9c7b36247d975e63.jpeg,0,5,54102010,Graham crackers,multiple,Graham crackers,Graham crackers,Graham Crackers,"[{'text': 'wheat flour, white, all-purpose, unenriched'}, {'text': 'wheat flour, white, all-purpose, unenriched'}, {'text': 'sugars, brown'}, {'text': 'leavening agents, baking powder, double-acting, sodium aluminum sulfate'}, {'text': 'leavening agents, baking soda'}, {'text': 'salt, table'}, {'text': 'spices, cinnamon, ground'}, {'text': 'butter, without salt'}, {'text': 'molasses'}, {'text': 'milk, fluid, 1% fat, without added vitamin a and vitamin d'}, {'text': 'vanilla extract'}]","wheat flour, white, all-purpose, unenriched, wheat flour, white, all-purpose, unenriched, sugars, brown, leavening agents, baking powder, double-acting, sodium aluminum sulfate, leavening agents, baking soda, salt, table, spices, cinnamon, ground, butter, without salt, molasses, milk, fluid, 1% fat, without added vitamin a and vitamin d, vanilla extract"
SNAPME9002,3,b536e8a74768b57c1d892c687329.jpeg,0,7,58106702,"Pizza with meat and vegetables, from frozen, medium crust",multiple,Pizza with meat and vegetables from frozen medium crust,Pizza meat vegetables frozen medium crust,How to Cook Frozen Vegetables in the Microwave,"[{'text': 'shortening, vegetable, household, composite'}, {'text': 'water, bottled, generic'}]","shortening, vegetable, household, composite, water, bottled, generic"
SNAPME9004,2,20518021466cb9fba667ce36da33.jpeg,1,7,54304005,"Crackers, cheese (Cheez-It)",multiple,Crackers cheese CheezIt,Crackers cheese CheezIt,Cheese Crackers,"[{'text': 'wheat flour, white, all-purpose, unenriched'}, {'text': 'salt, table'}, {'text': 'spices, pepper, red or cayenne'}, {'text': 'cheese, cheddar'}, {'text': 'butter, without salt'}, {'text': 'cereals, oats, regular and quick, unenriched, cooked with water (includes boiling and microwaving), without salt'}]","wheat flour, white, all-purpose, unenriched, salt, table, spices, pepper, red or cayenne, cheese, cheddar, butter, without salt, cereals, oats, regular and quick, unenriched, cooked with water (includes boiling and microwaving), without salt"
SNAPME9047,1,6ba25b5f4dbbbb23c25fae316973.jpeg,0,13,54304000,"Crackers, cheese",multiple,Crackers cheese,Crackers cheese,Cheese Crackers,"[{'text': 'wheat flour, white, all-purpose, unenriched'}, {'text': 'salt, table'}, {'text': 'spices, pepper, red or cayenne'}, {'text': 'cheese, cheddar'}, {'text': 'butter, without salt'}, {'text': 'cereals, oats, regular and quick, unenriched, cooked with water (includes boiling and microwaving), without salt'}]","wheat flour, white, all-purpose, unenriched, salt, table, spices, pepper, red or cayenne, cheese, cheddar, butter, without salt, cereals, oats, regular and quick, unenriched, cooked with water (includes boiling and microwaving), without salt"
SNAPME9005,2,2a2c02a8436dabb2d6727e78820e.jpeg,0,2,52302010,"Muffin, fruit",multiple,Muffin fruit,Muffin fruit,Any Fruit Muffins,"[{'text': 'wheat flour, white, all-purpose, unenriched'}, {'text': 'leavening agents, baking powder, double-acting, sodium aluminum sulfate'}, {'text': 'salt, table'}, {'text': 'sugars, brown'}, {'text': 'sugars, granulated'}, {'text': 'milk, buttermilk, fluid, cultured, lowfat'}, {'text': 'butter, without salt'}, {'text': 'apricots, dried, sulfured, uncooked'}]","wheat flour, white, all-purpose, unenriched, leavening agents, baking powder, double-acting, sodium aluminum sulfate, salt, table, sugars, brown, sugars, granulated, milk, buttermilk, fluid, cultured, lowfat, butter, without salt, apricots, dried, sulfured, uncooked"
SNAPME9005,3,d2c3a36341be909449b6d5789933.jpeg,0,5,53201000,"Cookie, NFS",multiple,Cookie NFS,Cookie,Tea Cookies,"[{'text': 'butter, without salt'}, {'text': 'sugars, granulated'}, {'text': 'salt, table'}, {'text': 'wheat flour, white, all-purpose, unenriched'}, {'text': 'water, bottled, generic'}]","butter, without salt, sugars, granulated, salt, table, wheat flour, white, all-purpose, unenriched, water, bottled, generic"
SNAPME9007,1,d088a2dc4b11b3b8b125fbcca2f1.jpeg,0,1,51160110,"Roll, sweet, cinnamon bun, frosted",multiple,Roll sweet cinnamon bun frosted,Roll sweet cinnamon bun frosted,Sweet Cinnamon Butter,"[{'text': 'butter, without salt'}, {'text': 'sugars, granulated'}, {'text': 'spices, cinnamon, ground'}]","butter, without salt, sugars, granulated, spices, cinnamon, ground"
SNAPME9008,1,36d9cc0c47329fbe14e368529b42.jpeg,1,5,13120100,"Ice cream bar or stick, chocolate covered",multiple,Ice cream bar or stick chocolate covered,Ice cream bar stick chocolate covered,Chocolate Covered Strawberry Ice Cream,"[{'text': 'strawberries, raw'}, {'text': 'sweetener, herbal extract powder from stevia leaf'}, {'text': 'cream, whipped, cream topping, pressurized'}, {'text': 'spartan, real semi-sweet chocolate baking chips, upc: 011213162966'}]","strawberries, raw, sweetener, herbal extract powder from stevia leaf, cream, whipped, cream topping, pressurized, spartan, real semi-sweet chocolate baking chips, upc: 011213162966"
SNAPME9009,1,8fee05b142028317a1f13b28b8b9.jpeg,0,6,53204010,"Cookie, brownie, without icing",multiple,Cookie brownie without icing,Cookie brownie without icing,Icing for Brownies,"[{'text': 'spartan, real semi-sweet chocolate baking chips, upc: 011213162966'}, {'text': 'margarine, regular, 80% fat, composite, stick, without salt'}, {'text': 'milk, fluid, 1% fat, without added vitamin a and vitamin d'}, {'text': 'sugars, powdered'}]","spartan, real semi-sweet chocolate baking chips, upc: 011213162966, margarine, regular, 80% fat, composite, stick, without salt, milk, fluid, 1% fat, without added vitamin a and vitamin d, sugars, powdered"
SNAPME9009,2,e6c39c9d47f090838b6695ccf947.jpeg,1,8,58112510,"Dumpling, steamed, filled with meat, poultry, or seafood",multiple,Dumpling steamed filled with meat poultry or seafood,Dumpling steamed filled meat poultry seafood,Dry Rub for Meats and Poultry,"[{'text': 'salt, table'}, {'text': 'spices, onion powder'}, {'text': 'spices, garlic powder'}, {'text': 'spices, pepper, black'}, {'text': 'spices, oregano, dried'}]","salt, table, spices, onion powder, spices, garlic powder, spices, pepper, black, spices, oregano, dried"
SNAPME9009,3,2b50759e4759b78671341d41561a.jpeg,0,5,71401030,"Potato, french fries, fast food",multiple,Potato french fries fast food,Potato french fries fast food,"Seasoning Salt for French Fries, Home Fries, and Fried Potatoes","[{'text': 'salt, table'}, {'text': 'spices, cumin seed'}, {'text': 'spices, chili powder'}, {'text': 'celery, raw'}, {'text': 'spices, garlic powder'}, {'text': 'spices, onion powder'}]","salt, table, spices, cumin seed, spices, chili powder, celery, raw, spices, garlic powder, spices, onion powder"
SNAPME9011,1,c7ea013b406bbd9524424e7d6ecd.jpeg,1,10,53710904,Cereal or granola bar (General Mills Nature Valley Sweet and Salty Granola Bar),multiple,Cereal or granola bar General Mills Nature Valley Sweet and Salty Granola Bar,Cereal granola bar General Mills Nature Valley Salty Granola Bar,All Natural Granola Bars,"[{'text': 'honey'}, {'text': 'peanut butter, smooth style, without salt'}, {'text': 'oats'}, {'text': 'nuts, pecans'}, {'text': 'wheat flour, white, all-purpose, unenriched'}, {'text': 'spices, cinnamon, ground'}, {'text': 'spartan, real semi-sweet chocolate baking chips, upc: 011213162966'}]","honey, peanut butter, smooth style, without salt, oats, nuts, pecans, wheat flour, white, all-purpose, unenriched, spices, cinnamon, ground, spartan, real semi-sweet chocolate baking chips, upc: 011213162966"
SNAPME9013,1,95bb830f4b4ea3624f18a4c47f42.jpeg,0,21,53105270,"Cake or cupcake, chocolate, devil's food or fudge, with icing or filling",multiple,Cake or cupcake chocolate devils food or fudge with icing or filling,Cake cupcake chocolate devils food fudge icing,Chocolate Frosting for Devil's Food Cake,"[{'text': 'butter, without salt'}, {'text': 'salad dressing, mayonnaise, regular'}, {'text': 'candies, semisweet chocolate'}, {'text': 'sugars, powdered'}, {'text': 'salt, table'}]","butter, without salt, salad dressing, mayonnaise, regular, candies, semisweet chocolate, sugars, powdered, salt, table"
SNAPME9018,1,025966ce4d81a8c1d7991b6fe1e0.jpeg,1,9,53720700,Nutrition bar (Tiger's Milk),multiple,Nutrition bar Tigers Milk,Nutrition bar Tigers Milk,Nutritional Yeast Gravy,"[{'text': 'butter, without salt'}, {'text': 'wheat flour, white, all-purpose, unenriched'}, {'text': 'miso'}, {'text': ""leavening agents, yeast, baker's, active dry""}, {'text': 'water, bottled, generic'}]","butter, without salt, wheat flour, white, all-purpose, unenriched, miso, leavening agents, yeast, baker's, active dry, water, bottled, generic"
SNAPME9093,3,7a1f18204fecb50f710795245dca.jpeg,1,1,53720200,Nutrition bar (Clif Bar),multiple,Nutrition bar Clif Bar,Nutrition bar Clif Bar,Nutritional Yeast Gravy,"[{'text': 'butter, without salt'}, {'text': 'wheat flour, white, all-purpose, unenriched'}, {'text': 'miso'}, {'text': ""leavening agents, yeast, baker's, active dry""}, {'text': 'water, bottled, generic'}]","butter, without salt, wheat flour, white, all-purpose, unenriched, miso, leavening agents, yeast, baker's, active dry, water, bottled, generic"
SNAPME9018,2,af0fe53b42ccb4249772dde63f16.jpeg,0,4,28355110,"Clam chowder, New England, NS as to prepared with water or milk",multiple,Clam chowder New England NS as to prepared with water or milk,Clam chowder New England milk,New England Fish Chowder,"[{'text': 'sauce, fish, ready-to-serve'}, {'text': 'bacon, meatless'}, {'text': 'onions, raw'}, {'text': 'potatoes, raw, skin'}, {'text': 'milk, fluid, 1% fat, without added vitamin a and vitamin d'}, {'text': 'salt, table'}, {'text': 'spices, pepper, black'}]","sauce, fish, ready-to-serve, bacon, meatless, onions, raw, potatoes, raw, skin, milk, fluid, 1% fat, without added vitamin a and vitamin d, salt, table, spices, pepper, black"
SNAPME9018,2,11c72ba1414d9e37673c1eaf1a7b.jpeg,0,7,83112500,Creamy dressing,multiple,Creamy dressing,Creamy dressing,Creamy Parm Dressing,"[{'text': 'milk, buttermilk, fluid, cultured, lowfat'}, {'text': 'salad dressing, mayonnaise, regular'}, {'text': 'cream, sour, cultured'}, {'text': 'vinegar, red wine'}, {'text': 'cheese, parmesan, hard'}, {'text': 'chives, raw'}, {'text': 'spices, pepper, black'}]","milk, buttermilk, fluid, cultured, lowfat, salad dressing, mayonnaise, regular, cream, sour, cultured, vinegar, red wine, cheese, parmesan, hard, chives, raw, spices, pepper, black"
SNAPME9018,3,48af88c64de090f99a7cc57c7bf7.jpeg,0,5,71200200,"Potato chips, ruffled, plain",multiple,Potato chips ruffled plain,Potato chips ruffled plain,Parmesan Truffled Potato Chips,"[{'text': 'potatoes, raw, skin'}, {'text': 'oil, olive, salad or cooking'}, {'text': 'cheese, parmesan, hard'}, {'text': 'oil, olive, salad or cooking'}, {'text': 'salt, table'}, {'text': 'spices, pepper, black'}]","potatoes, raw, skin, oil, olive, salad or cooking, cheese, parmesan, hard, oil, olive, salad or cooking, salt, table, spices, pepper, black"
SNAPME9019,1,b1b78e814855aaab6bc4439c0b3c.jpeg,1,3,11434000,"Yogurt, Greek, whole milk, fruit",multiple,Yogurt Greek whole milk fruit,Yogurt Greek whole milk fruit,Greek Yogurt,"[{'text': 'milk, fluid, 1% fat, without added vitamin a and vitamin d'}, {'text': 'yogurt, greek, plain, nonfat'}]","milk, fluid, 1% fat, without added vitamin a and vitamin d, yogurt, greek, plain, nonfat"
SNAPME9086,2,cc8d6b894081b6c005c9e419ad61.jpeg,1,5,11434010,"Yogurt, Greek, low fat milk, fruit",multiple,Yogurt Greek low fat milk fruit,Yogurt Greek low milk fruit,Greek Yogurt,"[{'text': 'milk, fluid, 1% fat, without added vitamin a and vitamin d'}, {'text': 'yogurt, greek, plain, nonfat'}]","milk, fluid, 1% fat, without added vitamin a and vitamin d, yogurt, greek, plain, nonfat"
SNAPME9019,1,0e7cf3ea4d17bacbde279b758c2a.jpeg,0,4,57321900,Cereal (Nature's Path Organic Flax Plus),multiple,Cereal Natures Path Organic Flax Plus,Cereal Natures Path Organic Flax Plus,Organic Hot Cocoa Mix,"[{'text': 'cocoa, dry powder, unsweetened'}, {'text': 'sugars, granulated'}, {'text': 'spices, cinnamon, ground'}, {'text': 'vanilla extract'}]","cocoa, dry powder, unsweetened, sugars, granulated, spices, cinnamon, ground, vanilla extract"
SNAPME9019,2,f4b578b347b5964201e51cfa230d.jpeg,0,9,53121270,"Cake or cupcake, yellow, with icing or filling",multiple,Cake or cupcake yellow with icing or filling,Cake cupcake yellow icing,Yellow Cake,"[{'text': 'wheat flour, white, cake, enriched'}, {'text': 'leavening agents, baking soda'}, {'text': 'leavening agents, baking powder, double-acting, sodium aluminum sulfate'}, {'text': 'sugars, granulated'}, {'text': 'milk, buttermilk, fluid, cultured, lowfat'}, {'text': 'water, bottled, generic'}, {'text': 'oil, olive, salad or cooking'}, {'text': 'vanilla extract'}, {'text': 'egg substitute, powder'}, {'text': 'margarine, regular, 80% fat, composite, stick, without salt'}]","wheat flour, white, cake, enriched, leavening agents, baking soda, leavening agents, baking powder, double-acting, sodium aluminum sulfate, sugars, granulated, milk, buttermilk, fluid, cultured, lowfat, water, bottled, generic, oil, olive, salad or cooking, vanilla extract, egg substitute, powder, margarine, regular, 80% fat, composite, stick, without salt"
SNAPME9023,2,37664a06455fb2d3b0be0cdf2e12.jpeg,1,22,91734100,Reese's Peanut Butter Cup,multiple,Reeses Peanut Butter Cup,Reeses Peanut Butter Cup,Reese's Peanut Butter Bars,"[{'text': 'cookies, vanilla wafers, lower fat'}, {'text': 'peanut butter, smooth style, without salt'}, {'text': 'butter, without salt'}, {'text': 'sugars, powdered'}, {'text': 'spartan, real semi-sweet chocolate baking chips, upc: 011213162966'}]","cookies, vanilla wafers, lower fat, peanut butter, smooth style, without salt, butter, without salt, sugars, powdered, spartan, real semi-sweet chocolate baking chips, upc: 011213162966"
SNAPME9026,2,48bd213c48a4ac5ac87581513895.jpeg,1,6,56116000,"Noodles, chow mein",multiple,Noodles chow mein,Noodles chow mein,Chow Mein Noodle Bars,"[{'text': 'margarine, regular, 80% fat, composite, stick, without salt'}, {'text': 'sugars, brown'}, {'text': 'wheat flour, white, all-purpose, unenriched'}, {'text': 'spartan, real semi-sweet chocolate baking chips, upc: 011213162966'}, {'text': 'candies, marshmallows'}, {'text': 'peanut butter, smooth style, without salt'}, {'text': 'cream, whipped, cream topping, pressurized'}, {'text': 'sugars, brown'}, {'text': 'noodles, egg, dry, unenriched'}]","margarine, regular, 80% fat, composite, stick, without salt, sugars, brown, wheat flour, white, all-purpose, unenriched, spartan, real semi-sweet chocolate baking chips, upc: 011213162966, candies, marshmallows, peanut butter, smooth style, without salt, cream, whipped, cream topping, pressurized, sugars, brown, noodles, egg, dry, unenriched"
SNAPME9031,2,2d4c9ab347abbe8f8ae0653bd618.jpeg,0,3,53206000,"Cookie, chocolate chip",multiple,Cookie chocolate chip,Cookie chocolate chip,Chocolate Chip Cookies,"[{'text': 'butter, without salt'}, {'text': 'sugars, granulated'}, {'text': 'syrup, maple, canadian'}, {'text': 'wheat flour, white, all-purpose, unenriched'}, {'text': 'spartan, real semi-sweet chocolate baking chips, upc: 011213162966'}]","butter, without salt, sugars, granulated, syrup, maple, canadian, wheat flour, white, all-purpose, unenriched, spartan, real semi-sweet chocolate baking chips, upc: 011213162966"
SNAPME9031,2,e7f4e4e74530b2cca7a9292148d6.jpeg,0,16,54420210,Multigrain chips (Sun Chips),multiple,Multigrain chips Sun Chips,Multigrain chips Sun Chips,Multigrain Bread,"[{'text': 'water, bottled, generic'}, {'text': 'butter, without salt'}, {'text': 'wheat flours, bread, unenriched'}, {'text': 'wheat flour, white, all-purpose, unenriched'}, {'text': 'cereals, oats, regular and quick, unenriched, cooked with water (includes boiling and microwaving), without salt'}, {'text': 'sugars, brown'}, {'text': 'salt, table'}, {'text': ""leavening agents, yeast, baker's, active dry""}]","water, bottled, generic, butter, without salt, wheat flours, bread, unenriched, wheat flour, white, all-purpose, unenriched, cereals, oats, regular and quick, unenriched, cooked with water (includes boiling and microwaving), without salt, sugars, brown, salt, table, leavening agents, yeast, baker's, active dry"
SNAPME9037,2,576dd12d4db9aba136a0d4868b20.jpeg,1,2,54402700,Pita chips,multiple,Pita chips,Pita chips,Cheese chips,"[{'text': 'cheese, parmesan, hard'}]","cheese, parmesan, hard"
SNAPME9047,1,71986bcd44b4b0da28cd7aeaec03.jpeg,0,14,58106725,"Pizza with meat and vegetables, from restaurant or fast food, medium crust",multiple,Pizza with meat and vegetables from restaurant or fast food medium crust,Pizza meat vegetables restaurant fast food medium crust,Restaurant Pizza Crust (Bread Machine),"[{'text': 'water, bottled, generic'}, {'text': 'wheat flours, bread, unenriched'}, {'text': 'sugars, granulated'}, {'text': 'wheat flours, bread, unenriched'}, {'text': 'salt, table'}, {'text': 'oil, olive, salad or cooking'}]","water, bottled, generic, wheat flours, bread, unenriched, sugars, granulated, wheat flours, bread, unenriched, salt, table, oil, olive, salad or cooking"
SNAPME9053,2,bb348155422995113eac7775b63e.jpeg,0,10,58106555,"Pizza with pepperoni, from restaurant or fast food,  medium crust",multiple,Pizza with pepperoni from restaurant or fast food  medium crust,Pizza pepperoni restaurant fast food medium crust,Restaurant Pizza Crust (Bread Machine),"[{'text': 'water, bottled, generic'}, {'text': 'wheat flours, bread, unenriched'}, {'text': 'sugars, granulated'}, {'text': 'wheat flours, bread, unenriched'}, {'text': 'salt, table'}, {'text': 'oil, olive, salad or cooking'}]","water, bottled, generic, wheat flours, bread, unenriched, sugars, granulated, wheat flours, bread, unenriched, salt, table, oil, olive, salad or cooking"
SNAPME9170,2,9dc98d124b5b8d6f5552a361afe6.jpeg,0,4,58106620,"Pizza with meat other than pepperoni, from restaurant or fast food, thin crust",multiple,Pizza with meat other than pepperoni from restaurant or fast food thin crust,Pizza meat other than pepperoni restaurant fast food thin crust,Restaurant Pizza Crust (Bread Machine),"[{'text': 'water, bottled, generic'}, {'text': 'wheat flours, bread, unenriched'}, {'text': 'sugars, granulated'}, {'text': 'wheat flours, bread, unenriched'}, {'text': 'salt, table'}, {'text': 'oil, olive, salad or cooking'}]","water, bottled, generic, wheat flours, bread, unenriched, sugars, granulated, wheat flours, bread, unenriched, salt, table, oil, olive, salad or cooking"
SNAPME9047,2,93e33b20499d9fad4512c8f48960.jpeg,1,13,53244010,"Cookie, butter or sugar, with chocolate icing or filling",multiple,Cookie butter or sugar with chocolate icing or filling,Cookie butter sugar chocolate icing,Chocolate Butter Icing,"[{'text': 'cocoa, dry powder, unsweetened'}, {'text': 'water, bottled, generic'}, {'text': 'butter, without salt'}, {'text': 'sugars, powdered'}, {'text': 'milk, fluid, 1% fat, without added vitamin a and vitamin d'}, {'text': 'vanilla extract'}]","cocoa, dry powder, unsweetened, water, bottled, generic, butter, without salt, sugars, powdered, milk, fluid, 1% fat, without added vitamin a and vitamin d, vanilla extract"
SNAPME9049,2,d301d6a74c0b91d102af784445a7.jpeg,0,12,51121035,"Garlic bread, from frozen",multiple,Garlic bread from frozen,Garlic bread frozen,Garlic Bread,"[{'text': 'butter, without salt'}, {'text': 'salad dressing, mayonnaise, regular'}, {'text': 'spices, garlic powder'}, {'text': 'salt, table'}, {'text': 'spices, pepper, black'}, {'text': 'spices, rosemary, dried'}, {'text': 'cheese, parmesan, hard'}]","butter, without salt, salad dressing, mayonnaise, regular, spices, garlic powder, salt, table, spices, pepper, black, spices, rosemary, dried, cheese, parmesan, hard"
SNAPME9053,1,18a52771423eaef77acff46ae759.jpeg,1,2,53710500,Cereal or granola bar (Kellogg's Nutri-Grain Cereal Bar),multiple,Cereal or granola bar Kelloggs NutriGrain Cereal Bar,Cereal granola bar Kelloggs NutriGrain Cereal Bar,Cereal Bars,"[{'text': 'syrups, corn, light'}, {'text': 'sugars, granulated'}, {'text': 'peanut butter, smooth style, without salt'}, {'text': 'cereals, oats, regular and quick, unenriched, cooked with water (includes boiling and microwaving), without salt'}]","syrups, corn, light, sugars, granulated, peanut butter, smooth style, without salt, cereals, oats, regular and quick, unenriched, cooked with water (includes boiling and microwaving), without salt"
SNAPME9053,3,bc323b8a4d2dbd22438c4cf7593a.jpeg,0,7,54301030,"Crackers, butter (Ritz)",multiple,Crackers butter Ritz,Crackers butter Ritz,Crackers,"[{'text': 'wheat flour, white, all-purpose, unenriched'}, {'text': 'salt, table'}, {'text': 'sugars, granulated'}, {'text': 'butter, without salt'}, {'text': 'milk, fluid, 1% fat, without added vitamin a and vitamin d'}]","wheat flour, white, all-purpose, unenriched, salt, table, sugars, granulated, butter, without salt, milk, fluid, 1% fat, without added vitamin a and vitamin d"
SNAPME9054,1,842b91414136be111bf90fe0d6ca.jpeg,0,10,53220000,"Cookie, fruit-filled bar",multiple,Cookie fruitfilled bar,Cookie fruitfilled bar,Fruit-filled Mini Cereal Bars,"[{'text': 'dates, deglet noor'}, {'text': 'blueberries, raw'}, {'text': 'strawberries, raw'}, {'text': 'water, bottled, generic'}, {'text': 'oil, olive, salad or cooking'}, {'text': 'applesauce, canned, unsweetened, without added ascorbic acid (includes usda commodity)'}, {'text': 'honey'}, {'text': 'oats'}, {'text': 'wheat flour, white, all-purpose, unenriched'}, {'text': 'leavening agents, baking powder, double-acting, sodium aluminum sulfate'}]","dates, deglet noor, blueberries, raw, strawberries, raw, water, bottled, generic, oil, olive, salad or cooking, applesauce, canned, unsweetened, without added ascorbic acid (includes usda commodity), honey, oats, wheat flour, white, all-purpose, unenriched, leavening agents, baking powder, double-acting, sodium aluminum sulfate"
SNAPME9054,2,14404d6d4ea396d5da7f3b4aa7d0.jpeg,0,9,54401075,"Tortilla chips, plain",multiple,Tortilla chips plain,Tortilla chips plain,Baked Tortilla Chips,"[{'text': 'corn, sweet, white, raw'}, {'text': 'oil, olive, salad or cooking'}, {'text': 'lime juice, raw'}, {'text': 'spices, cumin seed'}, {'text': 'spices, chili powder'}, {'text': 'salt, table'}]","corn, sweet, white, raw, oil, olive, salad or cooking, lime juice, raw, spices, cumin seed, spices, chili powder, salt, table"
SNAPME9083,3,801559db4a6896b7ccce885b8d19.jpeg,0,7,54401110,"Tortilla chips, nacho cheese flavor (Doritos)",multiple,Tortilla chips nacho cheese flavor Doritos,Tortilla chips nacho cheese Doritos,Baked Tortilla Chips,"[{'text': 'corn, sweet, white, raw'}, {'text': 'oil, olive, salad or cooking'}, {'text': 'lime juice, raw'}, {'text': 'spices, cumin seed'}, {'text': 'spices, chili powder'}, {'text': 'salt, table'}]","corn, sweet, white, raw, oil, olive, salad or cooking, lime juice, raw, spices, cumin seed, spices, chili powder, salt, table"
SNAPME9054,3,57d1b615431f96f90b69fd80c0ca.jpeg,0,8,53100100,"Cake or cupcake, NS as to type",multiple,Cake or cupcake NS as to type,Cake cupcake,Apple Cupcakes,"[{'text': 'apples, raw, with skin'}, {'text': 'sugars, granulated'}, {'text': 'water, bottled, generic'}, {'text': 'butter, without salt'}, {'text': 'spices, cinnamon, ground'}, {'text': 'spices, nutmeg, ground'}, {'text': 'spices, cloves, ground'}, {'text': 'wheat flour, white, all-purpose, unenriched'}, {'text': 'leavening agents, baking soda'}]","apples, raw, with skin, sugars, granulated, water, bottled, generic, butter, without salt, spices, cinnamon, ground, spices, nutmeg, ground, spices, cloves, ground, wheat flour, white, all-purpose, unenriched, leavening agents, baking soda"
SNAPME9132,2,0179330140939306611d3628bcc0.jpeg,0,11,53120270,"Cake or cupcake, white, with icing or filling",multiple,Cake or cupcake white with icing or filling,Cake cupcake white icing,Apple Cupcakes,"[{'text': 'apples, raw, with skin'}, {'text': 'sugars, granulated'}, {'text': 'water, bottled, generic'}, {'text': 'butter, without salt'}, {'text': 'spices, cinnamon, ground'}, {'text': 'spices, nutmeg, ground'}, {'text': 'spices, cloves, ground'}, {'text': 'wheat flour, white, all-purpose, unenriched'}, {'text': 'leavening agents, baking soda'}]","apples, raw, with skin, sugars, granulated, water, bottled, generic, butter, without salt, spices, cinnamon, ground, spices, nutmeg, ground, spices, cloves, ground, wheat flour, white, all-purpose, unenriched, leavening agents, baking soda"
SNAPME9059,2,862d7a4a49f0a9960e4813693f21.jpeg,0,1,32202055,"Egg, cheese, and sausage griddle cake sandwich",multiple,Egg cheese and sausage griddle cake sandwich,Egg cheese sausage griddle cake sandwich,Griddle Cakes,"[{'text': 'rice flour, white, unenriched'}, {'text': 'wheat flour, white, all-purpose, unenriched'}, {'text': 'water, bottled, generic'}]","rice flour, white, unenriched, wheat flour, white, all-purpose, unenriched, water, bottled, generic"
SNAPME9059,2,236ec7b24fda99363adddfaf8ff5.jpeg,0,2,71404010,"Potato, hash brown, from fast food",multiple,Potato hash brown from fast food,Potato hash fast food,Sweet Potato Hash,"[{'text': 'sweet potato, raw, unprepared'}, {'text': 'butter, without salt'}, {'text': 'oil, canola'}, {'text': 'onions, raw'}, {'text': 'sugars, brown'}, {'text': 'pumpkin, raw'}]","sweet potato, raw, unprepared, butter, without salt, oil, canola, onions, raw, sugars, brown, pumpkin, raw"
SNAPME9059,3,3164c2644f28bd7bf10d140f9dbb.jpeg,1,7,53712100,"Cereal or Granola bar, NFS",multiple,Cereal or Granola bar NFS,Cereal Granola bar,Homemade Granola Cereal,"[{'text': 'oats'}, {'text': 'wheat flour, white, all-purpose, unenriched'}, {'text': 'honey'}, {'text': 'wheat germ, crude'}, {'text': 'nuts, cashew nuts, raw'}, {'text': 'nuts, almonds'}, {'text': 'oil, olive, salad or cooking'}, {'text': 'shortening confectionery, coconut (hydrogenated) and or palm kernel (hydrogenated)'}, {'text': 'sugars, brown'}, {'text': 'vanilla extract'}, {'text': 'salt, table'}]","oats, wheat flour, white, all-purpose, unenriched, honey, wheat germ, crude, nuts, cashew nuts, raw, nuts, almonds, oil, olive, salad or cooking, shortening confectionery, coconut (hydrogenated) and or palm kernel (hydrogenated), sugars, brown, vanilla extract, salt, table"
SNAPME9059,3,80666a844d86b044ae764c86ecb0.jpeg,0,8,54304020,"Crackers, cheese (Goldfish)",multiple,Crackers cheese Goldfish,Crackers cheese Goldfish,Homemade Goldfish Crackers,"[{'text': 'cheese, cheddar'}, {'text': 'butter, without salt'}, {'text': 'wheat flour, white, all-purpose, unenriched'}, {'text': 'salt, table'}, {'text': 'water, bottled, generic'}]","cheese, cheddar, butter, without salt, wheat flour, white, all-purpose, unenriched, salt, table, water, bottled, generic"
SNAPME9061,1,79ae83f24f2393e387ca7fc35a52.jpeg,0,7,42200500,Almond butter,multiple,Almond butter,Almond butter,Almond Butter,"[{'text': 'nuts, almonds'}, {'text': 'oil, olive, salad or cooking'}]","nuts, almonds, oil, olive, salad or cooking"
SNAPME9061,3,c291c4024b7db2f9710bf3871c94.jpeg,0,28,91703600,"Espresso coffee beans, chocolate-covered",multiple,Espresso coffee beans chocolatecovered,Espresso coffee beans chocolatecovered,Chocolate-Covered Espresso Beans,"[{'text': 'candies, semisweet chocolate'}, {'text': 'beans, snap, green, raw'}]","candies, semisweet chocolate, beans, snap, green, raw"
SNAPME9065,1,d7da6fc74ff58cfa73d4e82a4a3b.jpeg,1,1,53714500,"Breakfast bar, NFS",multiple,Breakfast bar NFS,Breakfast bar,Breakfast Bar,"[{'text': 'oats'}, {'text': 'cocoa, dry powder, unsweetened'}, {'text': 'seeds, flaxseed'}, {'text': 'honey'}, {'text': 'water, bottled, generic'}]","oats, cocoa, dry powder, unsweetened, seeds, flaxseed, honey, water, bottled, generic"
SNAPME9126,1,9a1f05ed4834ae77a6f1467fdac4.jpeg,1,8,53530000,Breakfast tart,multiple,Breakfast tart,Breakfast tart,Breakfast Bar,"[{'text': 'oats'}, {'text': 'cocoa, dry powder, unsweetened'}, {'text': 'seeds, flaxseed'}, {'text': 'honey'}, {'text': 'water, bottled, generic'}]","oats, cocoa, dry powder, unsweetened, seeds, flaxseed, honey, water, bottled, generic"
SNAPME9065,1,69969b5d436da4e6d9f5edbbd75f.jpeg,1,3,54401081,Cheese flavored corn snacks (Cheetos),multiple,Cheese flavored corn snacks Cheetos,Cheese corn snacks Cheetos,Cheese Cookie Snacks,"[{'text': 'cheese, cheddar'}, {'text': 'butter, without salt'}, {'text': 'wheat flour, white, all-purpose, unenriched'}, {'text': 'salt, table'}, {'text': 'cereals, oats, regular and quick, unenriched, cooked with water (includes boiling and microwaving), without salt'}]","cheese, cheddar, butter, without salt, wheat flour, white, all-purpose, unenriched, salt, table, cereals, oats, regular and quick, unenriched, cooked with water (includes boiling and microwaving), without salt"
SNAPME9065,2,c18003c0468a89824798199fd277.jpeg,1,9,54401065,"Cheese flavored corn snacks, reduced fat",multiple,Cheese flavored corn snacks reduced fat,Cheese corn snacks,Cheese Cookie Snacks,"[{'text': 'cheese, cheddar'}, {'text': 'butter, without salt'}, {'text': 'wheat flour, white, all-purpose, unenriched'}, {'text': 'salt, table'}, {'text': 'cereals, oats, regular and quick, unenriched, cooked with water (includes boiling and microwaving), without salt'}]","cheese, cheddar, butter, without salt, wheat flour, white, all-purpose, unenriched, salt, table, cereals, oats, regular and quick, unenriched, cooked with water (includes boiling and microwaving), without salt"
SNAPME9107,1,fbf9e59f4b4e94e35f0a1dfe2939.jpeg,0,5,54401055,Cheese flavored corn snacks,multiple,Cheese flavored corn snacks,Cheese corn snacks,Cheese Cookie Snacks,"[{'text': 'cheese, cheddar'}, {'text': 'butter, without salt'}, {'text': 'wheat flour, white, all-purpose, unenriched'}, {'text': 'salt, table'}, {'text': 'cereals, oats, regular and quick, unenriched, cooked with water (includes boiling and microwaving), without salt'}]","cheese, cheddar, butter, without salt, wheat flour, white, all-purpose, unenriched, salt, table, cereals, oats, regular and quick, unenriched, cooked with water (includes boiling and microwaving), without salt"
SNAPME9065,2,c09f533a4bc5a25ef316960fd9bb.jpeg,0,10,57327500,Cereal (Quaker Oatmeal Squares),multiple,Cereal Quaker Oatmeal Squares,Cereal Quaker Oatmeal Squares,Oatmeal Squares,"[{'text': 'oats'}, {'text': 'sugars, brown'}, {'text': 'margarine, regular, 80% fat, composite, stick, without salt'}, {'text': 'syrups, corn, light'}]","oats, sugars, brown, margarine, regular, 80% fat, composite, stick, without salt, syrups, corn, light"
SNAPME9066,1,89fcd3c24d4da995a89981d732f9.jpeg,0,10,54403056,"Popcorn, microwave, butter flavored",multiple,Popcorn microwave butter flavored,Popcorn microwave butter,Microwave Popcorn,"[{'text': 'snacks, popcorn, air-popped (unsalted)'}, {'text': 'butter, without salt'}, {'text': 'salt, table'}]","snacks, popcorn, air-popped (unsalted), butter, without salt, salt, table"
SNAPME9066,2,3e054c8641f2a1750c9dab3a9e9b.jpeg,0,4,57123000,Cereal (General Mills Cheerios),multiple,Cereal General Mills Cheerios,Cereal General Mills Cheerios,Cheerios Bars!,"[{'text': 'syrup, maple, canadian'}, {'text': 'peanut butter, smooth style, without salt'}, {'text': 'cereals, oats, regular and quick, unenriched, cooked with water (includes boiling and microwaving), without salt'}]","syrup, maple, canadian, peanut butter, smooth style, without salt, cereals, oats, regular and quick, unenriched, cooked with water (includes boiling and microwaving), without salt"
SNAPME9076,3,7d9f351440ccaf050f94a1a19186.jpeg,0,6,75649010,"Vegetable soup, canned, prepared with water or ready-to-serve",multiple,Vegetable soup canned prepared with water or readytoserve,Vegetable soup readytoserve,Cream of Vegetable Soup,"[{'text': 'soup, chicken broth or bouillon, dry'}, {'text': 'onions, raw'}, {'text': 'spices, parsley, dried'}, {'text': 'dill weed, fresh'}, {'text': 'shortening, vegetable, household, composite'}, {'text': 'butter, without salt'}, {'text': 'wheat flour, white, all-purpose, unenriched'}, {'text': 'salt, table'}, {'text': 'spices, pepper, black'}, {'text': 'milk, fluid, 1% fat, without added vitamin a and vitamin d'}]","soup, chicken broth or bouillon, dry, onions, raw, spices, parsley, dried, dill weed, fresh, shortening, vegetable, household, composite, butter, without salt, wheat flour, white, all-purpose, unenriched, salt, table, spices, pepper, black, milk, fluid, 1% fat, without added vitamin a and vitamin d"
SNAPME9081,2,f1de0f0d45f3bfcd7a905ed2a183.jpeg,1,2,26139180,"Sardines, canned in oil",multiple,Sardines canned in oil,Sardines oil,D.l. Jardine's Fajita Marinade,"[{'text': 'sauce, worcestershire'}, {'text': 'soy sauce made from soy (tamari)'}, {'text': 'water, bottled, generic'}, {'text': 'vinegar, distilled'}, {'text': 'lime juice, raw'}, {'text': 'spices, garlic powder'}, {'text': 'spices, pepper, black'}, {'text': 'spices, cumin seed'}, {'text': 'spices, oregano, dried'}]","sauce, worcestershire, soy sauce made from soy (tamari), water, bottled, generic, vinegar, distilled, lime juice, raw, spices, garlic powder, spices, pepper, black, spices, cumin seed, spices, oregano, dried"
SNAPME9083,3,6d9289264b99aaec558905122819.jpeg,1,8,13120050,"Ice cream bar or stick, not chocolate covered or cake covered",multiple,Ice cream bar or stick not chocolate covered or cake covered,Ice cream bar stick chocolate covered cake covered,Chocolate Covered Pecans,"[{'text': 'spartan, real semi-sweet chocolate baking chips, upc: 011213162966'}, {'text': 'cream, fluid, heavy whipping'}, {'text': 'nuts, pecans'}]","spartan, real semi-sweet chocolate baking chips, upc: 011213162966, cream, fluid, heavy whipping, nuts, pecans"
SNAPME9092,1,f69eb25f41c0bb83fcfabb913437.jpeg,0,11,13110100,"Ice cream, regular, flavors other than chocolate",multiple,Ice cream regular flavors other than chocolate,Ice cream regular flavors other than chocolate,Chocolate Ice Cream,"[{'text': 'milk, buttermilk, fluid, cultured, lowfat'}, {'text': 'sugars, granulated'}, {'text': 'cornstarch'}, {'text': 'salt, table'}, {'text': 'candies, semisweet chocolate'}]","milk, buttermilk, fluid, cultured, lowfat, sugars, granulated, cornstarch, salt, table, candies, semisweet chocolate"
SNAPME9093,1,c8810cae40cb99bfaf13c69813ce.jpeg,1,9,53242000,"Cookie, sugar wafer",multiple,Cookie sugar wafer,Cookie sugar wafer,Sugar Cookies,"[{'text': 'cheese, parmesan, hard'}, {'text': 'margarine, regular, 80% fat, composite, stick, without salt'}, {'text': 'sugars, granulated'}, {'text': 'alcoholic beverage, distilled, rum, 80 proof'}, {'text': 'wheat flour, white, all-purpose, unenriched'}]","cheese, parmesan, hard, margarine, regular, 80% fat, composite, stick, without salt, sugars, granulated, alcoholic beverage, distilled, rum, 80 proof, wheat flour, white, all-purpose, unenriched"
SNAPME9102,3,7b6c24cc430abbff8ab81a5760cc.jpeg,1,4,53710906,Cereal or granola bar (General Mills Nature Valley Crunchy Granola Bar),multiple,Cereal or granola bar General Mills Nature Valley Crunchy Granola Bar,Cereal granola bar General Mills Nature Valley Crunchy Granola Bar,Crunchy Granola Bars,"[{'text': 'oats'}, {'text': 'oil, olive, salad or cooking'}, {'text': 'salt, table'}, {'text': 'nuts, almonds'}, {'text': 'honey'}, {'text': 'sugars, brown'}, {'text': 'vanilla extract'}, {'text': 'spices, cinnamon, ground'}]","oats, oil, olive, salad or cooking, salt, table, nuts, almonds, honey, sugars, brown, vanilla extract, spices, cinnamon, ground"
SNAPME9105,1,d1be81dc424087a8e77c4c1b35a0.jpeg,0,9,53347000,"Pie, pumpkin",multiple,Pie pumpkin,Pie pumpkin,Pumpkin Pie Dip,"[{'text': 'cream, whipped, cream topping, pressurized'}, {'text': 'yogurt, greek, plain, nonfat'}, {'text': 'sugars, granulated'}, {'text': 'sugars, brown'}, {'text': 'pumpkin, raw'}, {'text': 'spices, cinnamon, ground'}, {'text': 'spices, ginger, ground'}, {'text': 'spices, cloves, ground'}, {'text': 'spices, nutmeg, ground'}, {'text': 'pumpkin, raw'}]","cream, whipped, cream topping, pressurized, yogurt, greek, plain, nonfat, sugars, granulated, sugars, brown, pumpkin, raw, spices, cinnamon, ground, spices, ginger, ground, spices, cloves, ground, spices, nutmeg, ground, pumpkin, raw"
SNAPME9105,2,af378557402d81aa214e335584da.jpeg,0,5,14660200,"Mozzarella sticks, breaded, baked, or fried",multiple,Mozzarella sticks breaded baked or fried,Mozzarella sticks breaded,Mozzarella Dip,"[{'text': 'salad dressing, mayonnaise, regular'}, {'text': 'cream, sour, cultured'}, {'text': 'cheese, mozzarella, low sodium'}, {'text': 'cheese, parmesan, hard'}, {'text': 'onions, raw'}, {'text': 'sugars, granulated'}, {'text': 'spices, garlic powder'}, {'text': 'salt, table'}]","salad dressing, mayonnaise, regular, cream, sour, cultured, cheese, mozzarella, low sodium, cheese, parmesan, hard, onions, raw, sugars, granulated, spices, garlic powder, salt, table"
SNAPME9107,1,824e783440898b6eba7868584cf5.jpeg,0,13,28340120,"Chicken or turkey broth, without tomato, home recipe",multiple,Chicken or turkey broth without tomato home recipe,Chicken turkey broth without tomato,Tomato Broth,"[{'text': 'tomatoes, red, ripe, raw, year round average'}, {'text': 'spices, basil, dried'}, {'text': 'parsley, fresh'}, {'text': 'celery, raw'}, {'text': 'salt, table'}, {'text': 'spices, pepper, black'}]","tomatoes, red, ripe, raw, year round average, spices, basil, dried, parsley, fresh, celery, raw, salt, table, spices, pepper, black"
SNAPME9110,3,c5ace1784c12ad0e2821f3fb8d6f.jpeg,1,3,54304150,"Crackers, cheese, whole grain",multiple,Crackers cheese whole grain,Crackers cheese whole grain,Whole Wheat Cheese Crackers,"[{'text': 'cheese, cheddar'}, {'text': 'butter, without salt'}, {'text': 'wheat flour, white, all-purpose, unenriched'}, {'text': 'spices, pepper, red or cayenne'}, {'text': 'salt, table'}]","cheese, cheddar, butter, without salt, wheat flour, white, all-purpose, unenriched, spices, pepper, red or cayenne, salt, table"
SNAPME9114,3,c5d299bf4ce9a5fbbe6bece314b8.jpeg,1,17,58150110,"Rice, fried, meatless",multiple,Rice fried meatless,Rice meatless,Meatless Lentil Chili Recipe,"[{'text': 'water, bottled, generic'}, {'text': 'salt, table'}, {'text': 'lentils, raw'}]","water, bottled, generic, salt, table, lentils, raw"
SNAPME9119,2,cfe3af364827b4b75100813c6b5c.jpeg,1,10,71200140,"Potato chips, other flavored",multiple,Potato chips other flavored,Potato chips other,Sweet Potato Chips Recipe,"[{'text': 'oil, olive, salad or cooking'}, {'text': 'sweet potato, raw, unprepared'}, {'text': 'vinegar, distilled'}, {'text': 'salt, table'}, {'text': 'spices, pepper, black'}]","oil, olive, salad or cooking, sweet potato, raw, unprepared, vinegar, distilled, salt, table, spices, pepper, black"
SNAPME9126,2,51a8d5fe4f0ca454add6406da860.jpeg,1,9,71200100,"Potato chips, plain",multiple,Potato chips plain,Potato chips plain,Sweet Potato Chips Recipe,"[{'text': 'oil, olive, salad or cooking'}, {'text': 'sweet potato, raw, unprepared'}, {'text': 'vinegar, distilled'}, {'text': 'salt, table'}, {'text': 'spices, pepper, black'}]","oil, olive, salad or cooking, sweet potato, raw, unprepared, vinegar, distilled, salt, table, spices, pepper, black"
SNAPME9119,3,fa3f078c4bb292dd6159faae679f.jpeg,1,6,53714220,"Cereal or granola bar with nuts, chocolate coated",multiple,Cereal or granola bar with nuts chocolate coated,Cereal granola bar nuts chocolate,Chocolate Granola,"[{'text': 'oats'}, {'text': 'shortening confectionery, coconut (hydrogenated) and or palm kernel (hydrogenated)'}, {'text': 'oil, olive, salad or cooking'}, {'text': 'nuts, almonds'}, {'text': 'nuts, pecans'}, {'text': 'seeds, pumpkin and squash seeds, whole, roasted, without salt'}, {'text': 'sugars, brown'}, {'text': 'honey'}, {'text': 'spices, cinnamon, ground'}, {'text': 'salt, table'}, {'text': 'spartan, real semi-sweet chocolate baking chips, upc: 011213162966'}]","oats, shortening confectionery, coconut (hydrogenated) and or palm kernel (hydrogenated), oil, olive, salad or cooking, nuts, almonds, nuts, pecans, seeds, pumpkin and squash seeds, whole, roasted, without salt, sugars, brown, honey, spices, cinnamon, ground, salt, table, spartan, real semi-sweet chocolate baking chips, upc: 011213162966"
SNAPME9129,3,9e9c08d1483394feb557798bd5a3.jpeg,0,3,75607000,"Mushroom soup, NFS",multiple,Mushroom soup NFS,Mushroom soup,Mushroom Soup,"[{'text': 'butter, without salt'}, {'text': 'onions, raw'}, {'text': 'mushrooms, white, raw'}, {'text': 'wheat flour, white, all-purpose, unenriched'}, {'text': 'soup, chicken broth or bouillon, dry'}, {'text': 'milk, fluid, 1% fat, without added vitamin a and vitamin d'}, {'text': 'salt, table'}, {'text': 'spices, pepper, black'}, {'text': 'lemon juice, raw'}]","butter, without salt, onions, raw, mushrooms, white, raw, wheat flour, white, all-purpose, unenriched, soup, chicken broth or bouillon, dry, milk, fluid, 1% fat, without added vitamin a and vitamin d, salt, table, spices, pepper, black, lemon juice, raw"
SNAPME9130,3,3cd9c4d24078b42fc058135023e4.jpeg,0,2,53521110,"Doughnut, raised or yeast",multiple,Doughnut raised or yeast,Doughnut raised yeast,Doughnuts,"[{'text': 'wheat flours, bread, unenriched'}, {'text': 'wheat flour, white, all-purpose, unenriched'}, {'text': 'sugars, granulated'}, {'text': 'milk, fluid, 1% fat, without added vitamin a and vitamin d'}, {'text': 'salt, table'}, {'text': 'butter, without salt'}, {'text': 'water, bottled, generic'}, {'text': ""leavening agents, yeast, baker's, active dry""}, {'text': 'spartan, real semi-sweet chocolate baking chips, upc: 011213162966'}, {'text': 'nuts, almonds'}, {'text': 'sugars, powdered'}, {'text': 'cream, whipped, cream topping, pressurized'}, {'text': 'sugars, granulated'}]","wheat flours, bread, unenriched, wheat flour, white, all-purpose, unenriched, sugars, granulated, milk, fluid, 1% fat, without added vitamin a and vitamin d, salt, table, butter, without salt, water, bottled, generic, leavening agents, yeast, baker's, active dry, spartan, real semi-sweet chocolate baking chips, upc: 011213162966, nuts, almonds, sugars, powdered, cream, whipped, cream topping, pressurized, sugars, granulated"
SNAPME9005,2,c3464ef4499ead6633318ad57f9e.jpeg,0,12,53520100,"Doughnut, cake type, plain",multiple,Doughnut cake type plain,Doughnut cake plain,Doughnuts,"[{'text': 'wheat flours, bread, unenriched'}, {'text': 'wheat flour, white, all-purpose, unenriched'}, {'text': 'sugars, granulated'}, {'text': 'milk, fluid, 1% fat, without added vitamin a and vitamin d'}, {'text': 'salt, table'}, {'text': 'butter, without salt'}, {'text': 'water, bottled, generic'}, {'text': ""leavening agents, yeast, baker's, active dry""}, {'text': 'spartan, real semi-sweet chocolate baking chips, upc: 011213162966'}, {'text': 'nuts, almonds'}, {'text': 'sugars, powdered'}, {'text': 'cream, whipped, cream topping, pressurized'}, {'text': 'sugars, granulated'}]","wheat flours, bread, unenriched, wheat flour, white, all-purpose, unenriched, sugars, granulated, milk, fluid, 1% fat, without added vitamin a and vitamin d, salt, table, butter, without salt, water, bottled, generic, leavening agents, yeast, baker's, active dry, spartan, real semi-sweet chocolate baking chips, upc: 011213162966, nuts, almonds, sugars, powdered, cream, whipped, cream topping, pressurized, sugars, granulated"
SNAPME9130,3,b4f4abd045a6b32b5f2472dc464f.jpeg,0,5,58408010,Wonton soup,multiple,Wonton soup,Wonton soup,Easy Handmade Gyoza and Wonton Skins,"[{'text': 'wheat flours, bread, unenriched'}, {'text': 'water, bottled, generic'}]","wheat flours, bread, unenriched, water, bottled, generic"
SNAPME9133,2,684c009e4a6b9be24ba1474e3129.jpeg,1,5,57301511,Cereal (Kashi GOLEAN Crunch),multiple,Cereal Kashi GOLEAN Crunch,Cereal Kashi GOLEAN Crunch,Crunchy Oat Cereal,"[{'text': 'oats'}, {'text': 'nuts, almonds'}, {'text': 'syrup, maple, canadian'}, {'text': 'butter, without salt'}]","oats, nuts, almonds, syrup, maple, canadian, butter, without salt"
SNAPME9133,2,2e28cd29485a972833af657206ec.jpeg,0,12,41811890,"Vegetarian burger or patty, meatless, no bun",multiple,Vegetarian burger or patty meatless no bun,Vegetarian burger patty meatless no bun,Vegetarian Burger Gift Mix,"[{'text': 'beans, snap, green, raw'}, {'text': 'margarine, regular, hard, soybean (hydrogenated)'}, {'text': 'lentils, raw'}, {'text': 'oil, corn, peanut, and olive'}, {'text': 'seeds, sunflower seed kernels, dried'}, {'text': 'seeds, sesame seeds, whole, dried'}, {'text': 'oats'}, {'text': 'cornmeal, degermed, unenriched, yellow'}, {'text': 'wheat germ, crude'}, {'text': 'wheat flour, white, all-purpose, unenriched'}, {'text': ""leavening agents, yeast, baker's, active dry""}, {'text': 'spices, parsley, dried'}, {'text': 'leavening agents, baking soda'}, {'text': 'salt, table'}, {'text': 'water, bottled, generic'}, {'text': 'soy sauce made from soy (tamari)'}]","beans, snap, green, raw, margarine, regular, hard, soybean (hydrogenated), lentils, raw, oil, corn, peanut, and olive, seeds, sunflower seed kernels, dried, seeds, sesame seeds, whole, dried, oats, cornmeal, degermed, unenriched, yellow, wheat germ, crude, wheat flour, white, all-purpose, unenriched, leavening agents, yeast, baker's, active dry, spices, parsley, dried, leavening agents, baking soda, salt, table, water, bottled, generic, soy sauce made from soy (tamari)"
SNAPME9137,2,808e36de47bab94596fd63d1fcc3.jpeg,0,10,24198739,"Chicken tenders or strips, NFS",multiple,Chicken tenders or strips NFS,Chicken tenders strips,Chicken Tenders,"[{'text': 'chicken, broiler or fryers, breast, skinless, boneless, meat only, raw'}, {'text': 'spices, paprika'}, {'text': 'salt, table'}, {'text': 'spices, pepper, black'}, {'text': 'seeds, sesame seeds, whole, dried'}, {'text': 'oil, olive, salad or cooking'}]","chicken, broiler or fryers, breast, skinless, boneless, meat only, raw, spices, paprika, salt, table, spices, pepper, black, seeds, sesame seeds, whole, dried, oil, olive, salad or cooking"
SNAPME9143,2,be9b70b547adb49d532a9d42ba53.jpeg,1,8,53710802,Cereal or granola bar (Kashi Crunchy),multiple,Cereal or granola bar Kashi Crunchy,Cereal granola bar Kashi Crunchy,Crunchy Granola,"[{'text': 'sugars, brown'}, {'text': 'water, bottled, generic'}, {'text': 'vanilla extract'}, {'text': 'salt, table'}, {'text': 'oats'}, {'text': 'nuts, almonds'}]","sugars, brown, water, bottled, generic, vanilla extract, salt, table, oats, nuts, almonds"
SNAPME9146,3,g4rlbx1a6xk949olmith3mv7bs1v.jpeg,1,5,91745010,Gumdrops,multiple,Gumdrops,Gumdrops,Pop Drops,"[{'text': 'snacks, popcorn, air-popped (unsalted)'}, {'text': 'oil, corn, peanut, and olive'}, {'text': 'raisins, seeded'}, {'text': 'spartan, real semi-sweet chocolate baking chips, upc: 011213162966'}]","snacks, popcorn, air-popped (unsalted), oil, corn, peanut, and olive, raisins, seeded, spartan, real semi-sweet chocolate baking chips, upc: 011213162966"
SNAPME9146,3,c8sgxbsdb6w3ixlm5gpcg50jpfwv.jpeg,1,6,53233010,"Cookie, oatmeal, with raisins",multiple,Cookie oatmeal with raisins,Cookie oatmeal raisins,Oatmeal Raisin Cookies X,"[{'text': 'margarine, regular, 80% fat, composite, stick, without salt'}, {'text': 'oil, canola'}, {'text': 'sugars, brown'}, {'text': 'sugars, granulated'}, {'text': 'egg substitute, powder'}, {'text': 'vanilla extract'}, {'text': 'water, bottled, generic'}, {'text': 'wheat flour, white, all-purpose, unenriched'}, {'text': 'leavening agents, baking soda'}, {'text': 'spices, cinnamon, ground'}, {'text': 'spices, nutmeg, ground'}, {'text': 'oats'}, {'text': 'oat bran, raw'}, {'text': 'wheat germ, crude'}, {'text': 'raisins, seeded'}, {'text': 'nuts, walnuts, english'}]","margarine, regular, 80% fat, composite, stick, without salt, oil, canola, sugars, brown, sugars, granulated, egg substitute, powder, vanilla extract, water, bottled, generic, wheat flour, white, all-purpose, unenriched, leavening agents, baking soda, spices, cinnamon, ground, spices, nutmeg, ground, oats, oat bran, raw, wheat germ, crude, raisins, seeded, nuts, walnuts, english"
SNAPME9155,2,1830fbe942608bb5f9751a07ed8c.jpeg,0,9,53223000,"Cookie, gingersnaps",multiple,Cookie gingersnaps,Cookie gingersnaps,Gingersnaps,"[{'text': 'sweetener, syrup, agave'}, {'text': 'molasses'}, {'text': 'sugars, granulated'}, {'text': 'wheat flour, white, all-purpose, unenriched'}, {'text': 'spices, ginger, ground'}, {'text': 'spices, cinnamon, ground'}, {'text': 'salt, table'}]","sweetener, syrup, agave, molasses, sugars, granulated, wheat flour, white, all-purpose, unenriched, spices, ginger, ground, spices, cinnamon, ground, salt, table"
SNAPME9157,1,5fb22d9645b39617fce4878afc60.jpeg,0,5,58404520,"Chicken or turkey soup with dumplings, home recipe, canned or ready-to-serve",multiple,Chicken or turkey soup with dumplings home recipe canned or readytoserve,Chicken turkey soup dumplings readytoserve,Chicken and Dumplings.,"[{'text': 'onions, raw'}, {'text': 'soup, chicken broth or bouillon, dry'}, {'text': 'wheat flour, white, all-purpose, unenriched'}, {'text': 'milk, fluid, 1% fat, without added vitamin a and vitamin d'}, {'text': 'chicken, broiler or fryers, breast, skinless, boneless, meat only, raw'}, {'text': 'peas, green, frozen, unprepared'}, {'text': 'broccoli, raw'}, {'text': 'cheese, parmesan, hard'}, {'text': 'shortening, vegetable, household, composite'}, {'text': 'wheat flour, white, all-purpose, unenriched'}, {'text': 'sugars, granulated'}, {'text': 'leavening agents, baking powder, double-acting, sodium aluminum sulfate'}, {'text': 'salt, table'}, {'text': 'milk, fluid, 1% fat, without added vitamin a and vitamin d'}]","onions, raw, soup, chicken broth or bouillon, dry, wheat flour, white, all-purpose, unenriched, milk, fluid, 1% fat, without added vitamin a and vitamin d, chicken, broiler or fryers, breast, skinless, boneless, meat only, raw, peas, green, frozen, unprepared, broccoli, raw, cheese, parmesan, hard, shortening, vegetable, household, composite, wheat flour, white, all-purpose, unenriched, sugars, granulated, leavening agents, baking powder, double-acting, sodium aluminum sulfate, salt, table, milk, fluid, 1% fat, without added vitamin a and vitamin d"
SNAPME9159,1,47b9814e4bf6a99062f3631c76a0.jpeg,1,12,53220030,"Cookie, fig bar",multiple,Cookie fig bar,Cookie fig bar,Cookie in a Jar,"[{'text': 'spartan, real semi-sweet chocolate baking chips, upc: 011213162966'}, {'text': 'cereals, oats, regular and quick, unenriched, cooked with water (includes boiling and microwaving), without salt'}, {'text': 'wheat flour, white, all-purpose, unenriched'}, {'text': 'leavening agents, baking soda'}, {'text': 'leavening agents, baking powder, double-acting, sodium aluminum sulfate'}, {'text': 'sugars, brown'}, {'text': 'spartan, real semi-sweet chocolate baking chips, upc: 011213162966'}, {'text': 'oats'}, {'text': 'sugars, granulated'}]","spartan, real semi-sweet chocolate baking chips, upc: 011213162966, cereals, oats, regular and quick, unenriched, cooked with water (includes boiling and microwaving), without salt, wheat flour, white, all-purpose, unenriched, leavening agents, baking soda, leavening agents, baking powder, double-acting, sodium aluminum sulfate, sugars, brown, spartan, real semi-sweet chocolate baking chips, upc: 011213162966, oats, sugars, granulated"
SNAPME9159,2,f2d736134657882064e2372a3913.jpeg,0,10,53234000,"Cookie, peanut butter",multiple,Cookie peanut butter,Cookie peanut butter,Peanut Butter Cookies,"[{'text': 'wheat flour, white, all-purpose, unenriched'}, {'text': 'leavening agents, baking soda'}, {'text': 'salt, table'}, {'text': 'seeds, flaxseed'}, {'text': 'water, bottled, generic'}, {'text': 'sugars, brown'}, {'text': 'peanut butter, smooth style, without salt'}, {'text': 'margarine, regular, 80% fat, composite, stick, without salt'}, {'text': 'beverages, almond milk, unsweetened, shelf stable'}, {'text': 'vanilla extract'}, {'text': 'oil, corn, peanut, and olive'}, {'text': 'spartan, real semi-sweet chocolate baking chips, upc: 011213162966'}]","wheat flour, white, all-purpose, unenriched, leavening agents, baking soda, salt, table, seeds, flaxseed, water, bottled, generic, sugars, brown, peanut butter, smooth style, without salt, margarine, regular, 80% fat, composite, stick, without salt, beverages, almond milk, unsweetened, shelf stable, vanilla extract, oil, corn, peanut, and olive, spartan, real semi-sweet chocolate baking chips, upc: 011213162966"
SNAPME9168,1,ac0269a547d694647d1791732253.jpeg,1,7,91731010,M&M's Peanut Chocolate Candies,multiple,MMs Peanut Chocolate Candies,MMs Peanut Chocolate Candies,Easy Chocolate Candies,"[{'text': 'cream, fluid, heavy whipping'}, {'text': 'candies, semisweet chocolate'}, {'text': 'cocoa, dry powder, unsweetened'}, {'text': 'nuts, almonds'}]","cream, fluid, heavy whipping, candies, semisweet chocolate, cocoa, dry powder, unsweetened, nuts, almonds"
SNAPME9170,3,47821725446e8d7fac4fb46540e4.jpeg,0,4,91745020,Hard candy,multiple,Hard candy,Hard candy,Basic Hard Candy Recipe,"[{'text': 'sugars, granulated'}, {'text': 'syrups, corn, light'}, {'text': 'water, bottled, generic'}]","sugars, granulated, syrups, corn, light, water, bottled, generic"
SNAPME9170,3,216d059748058afef4ab978219c4.jpeg,0,8,57241000,Cereal (General Mills Cheerios Honey Nut),multiple,Cereal General Mills Cheerios Honey Nut,Cereal General Mills Cheerios Honey Nut,Pb & Honey Nut Cheerio's,"[{'text': 'peanut butter, smooth style, without salt'}, {'text': 'honey'}, {'text': 'water, bottled, generic'}]","peanut butter, smooth style, without salt, honey, water, bottled, generic"
SNAPME9172,1,e82a311c4b1ebf89eaa33b43b37e.jpeg,1,14,91707010,"Fondant, chocolate covered",multiple,Fondant chocolate covered,Fondant chocolate covered,White Chocolate Fondant,"[{'text': 'spartan, real semi-sweet chocolate baking chips, upc: 011213162966'}, {'text': 'syrups, corn, light'}]","spartan, real semi-sweet chocolate baking chips, upc: 011213162966, syrups, corn, light"
SNAPME9175,3,6c544c94435ba1a4ab820112aa46.jpeg,1,4,42202010,"Peanut butter, lower sodium",multiple,Peanut butter lower sodium,Peanut butter lower sodium,Low Sodium Steak Rub,"[{'text': 'spices, paprika'}, {'text': 'spices, chili powder'}, {'text': 'spices, pepper, black'}, {'text': 'spices, pepper, red or cayenne'}, {'text': 'spices, garlic powder'}, {'text': 'dill weed, fresh'}, {'text': 'celery, raw'}]","spices, paprika, spices, chili powder, spices, pepper, black, spices, pepper, red or cayenne, spices, garlic powder, dill weed, fresh, celery, raw"
SNAPME9186,1,0ec775544a3bbab5cf27d094c06d.jpeg,0,6,53230000,"Cookie, molasses",multiple,Cookie molasses,Cookie molasses,Molasses Cookies,"[{'text': 'sugars, granulated'}, {'text': 'molasses'}, {'text': 'margarine, regular, 80% fat, composite, stick, without salt'}, {'text': 'vinegar, distilled'}, {'text': 'salt, table'}, {'text': 'milk, fluid, 1% fat, without added vitamin a and vitamin d'}, {'text': 'leavening agents, baking soda'}, {'text': 'wheat flour, white, all-purpose, unenriched'}]","sugars, granulated, molasses, margarine, regular, 80% fat, composite, stick, without salt, vinegar, distilled, salt, table, milk, fluid, 1% fat, without added vitamin a and vitamin d, leavening agents, baking soda, wheat flour, white, all-purpose, unenriched"
SNAPME9186,3,fd4784a24403ab407d3dd8f4ed46.jpeg,0,12,53241500,"Cookie, butter or sugar",multiple,Cookie butter or sugar,Cookie butter sugar,Sugar Cookie Butter,"[{'text': 'nuts, cashew nuts, raw'}, {'text': 'bananas, raw'}, {'text': 'honey'}, {'text': 'vanilla extract'}, {'text': 'cream, whipped, cream topping, pressurized'}, {'text': 'leavening agents, baking soda'}, {'text': 'shortening confectionery, coconut (hydrogenated) and or palm kernel (hydrogenated)'}]","nuts, cashew nuts, raw, bananas, raw, honey, vanilla extract, cream, whipped, cream topping, pressurized, leavening agents, baking soda, shortening confectionery, coconut (hydrogenated) and or palm kernel (hydrogenated)"
SNAPME9002,1,218907d243908d0ea040a354484b.jpeg,0,3,63101110,"Applesauce, regular",multiple,Applesauce regular,Applesauce regular,Applesauce,"[{'text': 'apples, raw, with skin'}, {'text': 'water, bottled, generic'}, {'text': 'sugars, granulated'}, {'text': 'lemon juice, raw'}]","apples, raw, with skin, water, bottled, generic, sugars, granulated, lemon juice, raw"
SNAPME9086,3,c81ad53d437ab67b00a111a1e4b2.jpeg,1,7,13120100,"Ice cream bar, vanilla, chocolate coated",multiple,Ice cream bar vanilla chocolate coated,Ice cream bar vanilla chocolate,Vanilla Ice Cream,"[{'text': 'cream, whipped, cream topping, pressurized'}, {'text': 'milk, fluid, 1% fat, without added vitamin a and vitamin d'}, {'text': 'yogurt, greek, plain, nonfat'}, {'text': 'sugars, granulated'}, {'text': 'vanilla extract'}]","cream, whipped, cream topping, pressurized, milk, fluid, 1% fat, without added vitamin a and vitamin d, yogurt, greek, plain, nonfat, sugars, granulated, vanilla extract"
SNAPME9173,1,7d35216446ca8556e95890c4435a.jpeg,0,8,75311020,"Classic mixed vegetables, NS as to form, cooked",multiple,Classic mixed vegetables NS as to form cooked,Classic mixed vegetables form,Mixed Vegetable Grill,"[{'text': 'sugars, brown'}, {'text': 'salt, table'}, {'text': 'spices, garlic powder'}, {'text': 'spices, pepper, black'}, {'text': 'oil, olive, salad or cooking'}, {'text': 'spices, basil, dried'}, {'text': 'peppers, sweet, green, raw'}]","sugars, brown, salt, table, spices, garlic powder, spices, pepper, black, oil, olive, salad or cooking, spices, basil, dried, peppers, sweet, green, raw"
SNAPME9087,1,702de1a547e388b58117b9f51215.jpeg,0,9,75503040,"Cucumber pickles, sweet",multiple,Cucumber pickles sweet,Cucumber pickles sweet,Cold Cucumber Pickles,"[{'text': 'vinegar, cider'}, {'text': 'mustard, prepared, yellow'}, {'text': 'salt, table'}, {'text': 'sugars, granulated'}, {'text': 'spices, cloves, ground'}, {'text': 'mustard, prepared, yellow'}, {'text': 'corn, sweet, white, raw'}, {'text': 'spices, cinnamon, ground'}]","vinegar, cider, mustard, prepared, yellow, salt, table, sugars, granulated, spices, cloves, ground, mustard, prepared, yellow, corn, sweet, white, raw, spices, cinnamon, ground"
SNAPME9103,1,b893e4354db599a2609340a56eb7.jpeg,1,4,11434020,"Yogurt, Greek, nonfat milk, fruit",multiple,Yogurt Greek nonfat milk fruit,Yogurt Greek nonfat milk fruit,Homemade Nonfat Yogurt,"[{'text': 'milk, fluid, 1% fat, without added vitamin a and vitamin d'}, {'text': 'milk, fluid, 1% fat, without added vitamin a and vitamin d'}, {'text': 'yogurt, greek, plain, nonfat'}]","milk, fluid, 1% fat, without added vitamin a and vitamin d, milk, fluid, 1% fat, without added vitamin a and vitamin d, yogurt, greek, plain, nonfat"
